{"episode_total_reward":1485,"_timestamp":1.743743534557416e+09,"_runtime":283.758346589,"_wandb":{"runtime":285},"_step":15,"episode_avg_loss":0.34675569660974565}