{"_runtime":349.343065826,"_step":16,"_wandb":{"runtime":349},"episode_avg_loss":2.3335251536220314,"episode_total_reward":1485,"_timestamp":1.7437654931496634e+09}