{"episode_total_reward":1485,"_wandb":{"runtime":55},"_timestamp":1.7437444504737816e+09,"_runtime":54.131241613,"_step":2,"episode_avg_loss":1.5697621610677905}