{"_step":7,"_wandb":{"runtime":139},"episode_avg_loss":62.07954079243872,"episode_total_reward":-2597185,"_timestamp":1.7437403896261425e+09,"_runtime":135.919674764}